brand,product_count,avg_price
K-S-Trade,90,16.8
Abakuhaus,83,24.08
CALVENDO,55,27.17
Reyher,50,399.82
DeinDesign,49,23.28
SONSTIGE,35,195.16
atFoliX,23,9.07
Posterlounge,20,10.5
vhbw,19,28.76
vidaXL,18,114.69
PHS-memory,15,59.22
Next,15,27.4
upscreen,15,26.72
BROTECT,14,9.23
relaxdays,13,45.99
Ulla Popken,12,61.32
Wallario,12,36.78
Mr. & Mrs. Panda,12,17.4
etc-shop,11,164.55
HTI-Living,10,204.68
PUMA,10,53.57
Home affaire,9,416.21
Lomadox,9,347.86
ebuy24,9,267.53
s.Oliver,9,50.83
mantraroma,9,39.68
Cadorabo,9,18.32
Wigento,9,12.91
Savvies,9,3.75
VDP,8,368.7
adidas Performance,8,49.04
queence,8,47.85
morgenland,7,6605.84
en.casa,7,819.79
Adelia´s,7,555.04
Basera®,7,93.19
Artgeist,7,74.06
click-licht,7,73.79
Primedeco,7,53.54
PROMAT,7,35.08
DesFoli,7,26.99
Shirtracer,7,22.9
Bruni,7,6.28
JVmoebel,6,3504.17
KUNSTLOFT,6,132.12
Komar,6,114.38
Lotus,6,102.02
Guess,6,95.97
Guru-Shop,6,90.57
Cipo & Baxx,6,58.99
Artland,6,55.82
Esprit,6,43.64
New Era,6,36.42
AGI,6,35.33
Feldherr,6,33.56
Pixxprint,6,26.62
matches21 HOME & HOBBY,6,17.16
Nike,5,52.29
KS Tools,5,51.02
Gina Laura,5,45.19
LOGOSHIRT,5,27.41
Roxy,5,26.95
VOID,5,25.1
König Design,5,15.59
MOTIVISSO,5,13.9
eVendix,5,13.63
Kiebel,4,1586.5
expendio,4,1091.5
Junado®,4,841.5
OSTSEE-SCHMUCK,4,111.47
TOM TAILOR,4,91.47
BUTLERS,4,65.74
Taifun,4,63.99
HOMCOM,4,63.9
Skechers,4,52.83
Mona,4,48.74
AccuCell,4,44.65
SCHÖNER LEBEN.,4,43.7
MIAMODA,4,39.37
edc by Esprit,4,37.97
Soreso®,4,32.42
Papermoon,4,28.31
SEBSON,4,25.99
BCM,4,19.49
ROLINE,4,19.32
Erwin Müller,4,18.45
dekodino,4,17.95
kwmobile,4,16.99
style3,4,16.9
Horror-Shop,4,16.44
SO-TECH®,4,4.89
Feldmann-Wohnen,3,1065.33
Bogner,3,583.0
Massivmoebel24,3,489.9
Optoma,3,440.43
Stella Maris,3,259.0
PowerSmart,3,206.69
THE BRIDGE,3,185.9
Villeroy & Boch,3,128.93
JOBO,3,123.73
Mucola,3,111.23
Replay,3,102.93
SLV,3,97.57
camel active,3,94.6
Brilliant Leuchten,3,82.88
Alba Moda,3,78.97
Bullboxer,3,74.65
banjado,3,73.99
GOLDNER,3,68.23
VALENTINO BAGS,3,66.63
Jack Wolfskin,3,58.99
GUIDO MARIA KRETSCHMER,3,58.23
Photocircle,3,57.15
GERRY WEBER,3,55.51
GARDENA,3,45.02
K&L Wall Art,3,44.32
KraftKids,3,39.29
MobiloTec,3,39.22
EGLO,3,37.37
Housruse,3,35.19
unbespielt,3,34.57
Zizzi,3,34.15
Tristar,3,32.5
APELT,3,30.62
Bench.,3,29.99
BEARSU,3,28.24
LASCANA,3,23.49
WENKO,3,21.99
Kiss of Leather,3,15.99
MoonWorks,3,15.57
CoolGadget,3,12.29
Wera,3,11.0
Bilderdepot24,3,9.99
EXACOMPTA,3,8.57
W.SCHILLIG,2,1974.99
MERXX,2,1398.5
Thermia,2,1049.0
wiho Küchen,2,1019.99
CAPTIVA,2,812.13
promadino,2,648.99
Borento,2,629.0
SYSTEMTREFF,2,535.9
Luigi Merano,2,481.0
Küchen-Preisbombe,2,479.99
Wimex,2,453.5
daslagerhaus living,2,344.0
Makita,2,303.93
OPTIFIT,2,284.99
Westinghouse,2,257.23
Boss,2,223.97
Simfer,2,199.93
Greensen,2,195.99
ONDIS24,2,182.56
möbelando,2,172.45
Elli,2,165.95
Mammut,2,160.0
Reitmayer,2,159.99
Fortuna Lai,2,154.99
MICHAEL KORS,2,153.0
GoldDream,2,151.95
Bergson,2,149.99
eta,2,149.49
Campomaggi,2,146.3
hansgrohe,2,131.07
Bruno Banani,2,129.97
Wohnling,2,124.95
Tommy Hilfiger,2,113.32
Think!,2,111.4
Kenneth Cole,2,111.15
Homfa,2,109.99
Paul Green,2,109.9
Jack & Jones,2,106.95
stahl-design-tebart,2,96.39
OLYMP,2,89.95
RESITAL The Voice of Carpet,2,86.66
Gabor,2,85.68
McKinley,2,84.99
Gotui,2,83.99
Rosenthal,2,83.25
LEGO®,2,81.68
Scout,2,79.95
GILDE,2,79.38
SKK,2,79.17
Liedeco,2,77.88
ECD Germany,2,77.41
MAC,2,74.93
GOLDBLACK,2,74.0
TP-Link,2,73.25
adidas Originals,2,73.0
Nike Sportswear,2,71.73
Modström,2,69.95
Hot Wheels,2,68.95
Reebok,2,67.5
Kreative Feder,2,67.45
Asus,2,63.3
Vivance,2,62.4
Pinewood,2,59.99
Desigual,2,59.98
behype,2,59.97
Brandson,2,59.45
Under Armour®,2,55.61
Tommy Jeans,2,54.95
THOMAS SABO,2,53.55
LEGO® Wear,2,53.47
Licht-Erlebnisse,2,51.95
Fischer Befestigungstechnik,2,51.16
Emma & Kelly,2,49.95
Juniqe,2,48.99
DESI-LEB,2,47.49
TIMEZONE,2,46.97
CORNAT,2,46.19
Angel of Style,2,44.99
Marc O'Polo DENIM,2,42.97
Rusty Neal,2,41.4
Rabalux,2,40.33
Blend,2,39.49
ROCKBROS,2,39.27
Sitheim-Europe,2,39.14
iz-el,2,38.4
Trigema,2,37.75
Schiesser,2,37.42
Aniston CASUAL,2,36.99
Multistore 2002,2,36.49
Finn Flare,2,36.45
COSTWAY,2,35.49
Casual Looks,2,34.99
Tamaris,2,34.92
OneRedox,2,34.9
Powery,2,33.9
Neuetischkultur,2,33.49
möbel-direkt.de,2,33.0
dekojohnson,2,32.7
nedis,2,31.99
Goebel,2,31.23
PINTINOX,2,31.06
ZELLERFELD,2,30.97
Sander,2,30.95
Hasbro,2,30.55
DC Shoes,2,29.95
Dress In,2,29.49
Obsessive,2,28.43
TPFLiving,2,27.99
SCHÖNER WOHNEN-Kollektion,2,26.8
Harry Potter,2,26.45
ZERO G,2,24.99
creation L,2,24.99
Paco Home,2,24.76
Inkadoo,2,24.48
IVSO,2,24.31
Sinus Art,2,24.0
Garcia,2,22.99
McNeill,2,22.95
Cecil,2,22.5
Reinders!,2,22.49
Tito-Express PlatinumSerie,2,22.4
Sigikid,2,21.98
BUNGSA,2,20.99
GLOBO LEUCHTEN,2,20.34
NORDIC WORDS,2,19.9
OVS,2,19.74
Carpetia,2,19.49
Thumbs Up,2,19.45
COLOGNEBELT,2,18.9
kueatily,2,18.73
TFA Dostmann,2,18.27
Riolis,2,18.19
VALENTINO Wohnideen,2,17.97
TAN.TOMI,2,17.21
J.Jayz,2,16.99
LYSEL®,2,16.56
House Doctor,2,16.5
Burlington,2,16.5
Navaris,2,16.49
Amscan,2,16.24
Mattel®,2,14.99
Name It,2,14.49
DeFacto,2,13.9
Lilalu,2,13.24
Nalia,2,12.99
Logbuch-Verlag,2,11.9
Masbekte,2,11.54
Gedore,2,11.41
MyGadget,2,11.4
BGS technic,2,11.34
Boley Where the action is!®,2,10.99
Schnabels,2,9.74
SLABO,2,9.49
montana-Glas,2,6.99
VBS,2,2.94
Outdoor Life Products,1,22236.37
Palmako,1,3513.1
KONIFERA,1,3316.28
CHRIST,1,1999.0
Birkenstock,1,1930.0
DOMO collection,1,1899.99
GAH Alberts,1,1499.99
Sony,1,1499.0
Schenker,1,1426.44
Microsoft,1,1398.02
JOHANENLIES,1,1395.0
Apple,1,1293.71
Max Winzer®,1,1179.99
Adore,1,1159.95
dcl24.de,1,1059.0
Traser,1,1058.0
Ploß,1,999.99
Siena Garden,1,984.92
GORENJE,1,910.0
Breckle,1,879.99
ich-zapfe,1,870.91
CSL,1,859.0
Salta,1,845.0
Belid,1,815.76
Posseik,1,768.06
MAXXUS,1,710.95
Karman,1,678.0
Blanco,1,677.48
Panasonic,1,649.0
HP,1,599.99
BRUNO SÖHNLE,1,595.0
KARE,1,588.95
Gutmann Factory,1,580.99
Alpha Techno,1,579.99
Mäusbacher,1,579.99
GALLERY M branded by Musterring,1,561.0
Steelboxx,1,512.9
Moebel-Eins,1,509.0
Salgar,1,504.99
Marc O'Polo,1,499.95
EWBH,1,492.2
F2,1,480.95
HAMMERBACHER,1,475.99
march,1,467.0
EinStein Diamant,1,454.0
OKI,1,448.9
pieperconcept,1,439.0
TAINO,1,429.99
Garmin,1,424.9
K+W Komfort & Wohnen,1,419.99
furnicato,1,409.0
Stressless®,1,400.0
Almbock,1,399.99
Tech 21,1,399.9
McCulloch,1,392.61
Diamonds by Ellen K.,1,389.0
LUXWINDER,1,389.0
COLLECTION AB,1,379.99
SOFTWEARY,1,379.99
Salzen,1,379.0
Corsair,1,373.99
Aquaone,1,359.0
Norres,1,353.09
Barbour,1,349.99
Bjird,1,349.0
58 aufm Kessel,1,349.0
Scott,1,339.96
Aquagart,1,339.9
Lorelli,1,336.95
DeWalt,1,334.99
SETMA,1,334.43
Parat,1,333.99
trendteam,1,329.99
Rasch,1,328.44
Vladon,1,321.99
Marmony,1,313.07
quadral,1,299.0
Caterina Lucchi,1,299.0
Patrizia Pepe,1,298.0
SODEMATUB,1,297.49
PHILIPP PLEIN,1,289.0
well2wellness®,1,284.95
blumfeldt,1,279.99
VON & ZU,1,279.99
Carl von Zeyten,1,279.0
Diamore,1,279.0
BROOKS ENGLAND,1,270.0
Vipack,1,269.99
Shaf,1,269.9
SalesFever,1,264.99
Fortron,1,261.62
Kerbl,1,261.55
Wolff,1,259.0
Köhko,1,256.99
Schneider Schirme,1,256.13
CARSTYLER®,1,249.99
include,1,249.95
Orolino,1,249.0
meineWunschleuchte,1,240.99
PonyCycle,1,239.0
Zuiver,1,239.0
Flieks,1,229.99
Pirelli,1,229.99
Quadrato,1,229.0
Rid Essentials,1,229.0
Bric’s,1,227.5
VaGo-Tools,1,221.9
HELA,1,219.99
moebel17,1,219.9
ARKA Biotechnologie GmbH,1,219.9
Entre Prises,1,219.0
Firetti,1,218.98
Aten,1,211.97
ALEXANDER MCQUEEN,1,207.0
Places of Style,1,199.99
RAMSES,1,199.99
INOSIGN,1,199.99
SWIMS,1,199.99
Proregal,1,199.9
Piké,1,199.0
Meister Anker,1,199.0
Didriksons,1,199.0
Police,1,199.0
FAVS,1,199.0
M-Wave,1,198.95
BALDESSARINI,1,198.0
G.Skill,1,192.05
Y by Nordisk,1,191.99
Lowa,1,190.0
LebensWohnArt,1,189.9
Melvin & Hamilton,1,189.9
Ariete,1,187.99
Bronx,1,180.0
dc Dericompany,1,179.99
Högl,1,179.95
Engbers,1,179.95
VitaliSpa®,1,179.9
Gipsy,1,179.9
Gipfelstürmer,1,179.9
Schlagwerk,1,179.9
JEVELION,1,179.9
Shark,1,179.9
Bravios,1,179.9
KAWOLA,1,179.0
Tuganna,1,178.0
Gozos,1,178.0
Clifton,1,177.19
True Decadence,1,175.0
Kleo,1,169.0
Applicata,1,167.5
Gastroback,1,159.99
CRICKIT,1,159.95
Emilia Lay,1,159.95
Traffic People,1,159.0
Smeg,1,159.0
Kübler,1,153.18
Licht-Trend,1,151.0
Jump,1,150.0
ATTESA,1,149.99
PawHut,1,149.9
La Siesta,1,149.9
24Kae,1,149.0
Festina,1,149.0
Sky Vision,1,144.9
Femor,1,139.99
Basler,1,139.95
Casa Moro,1,139.9
Hollert,1,138.6
COOL-i ®,1,134.99
CONTINENTAL,1,129.99
Luis Steindl,1,129.99
Shabbies Amsterdam,1,129.98
deuter,1,129.95
LOVE MOSCHINO,1,129.95
Rhodenwald & Söhne,1,129.0
Harold's,1,129.0
SOMPEX,1,128.09
MCW,1,126.99
Angerer Freizeitmöbel,1,126.32
Chilewich,1,125.0
Art,1,120.0
Gami,1,119.99
SIOUX,1,119.95
sean john,1,119.95
FORSBERG,1,119.95
Sela,1,119.9
Fanatics,1,119.9
Mjus,1,119.9
Apollo,1,119.9
Fonderia,1,119.0
Harpa,1,119.0
Kratki,1,119.0
American Tourister®,1,112.46
PeakTech,1,112.34
Chipolino,1,110.95
Jahnke,1,109.99
Love Nature,1,109.99
Aldex,1,109.89
SELECTED FEMME,1,109.0
Knit Factory,1,106.95
Vitrine24.de,1,106.49
Gabs,1,105.0
De'Longhi,1,104.99
TROLLKIDS,1,103.99
Chieftec,1,102.85
Fangqi,1,99.99
Sanilo,1,99.98
ELT,1,99.95
Pius Gabor,1,99.95
Redpoint,1,99.95
Uhrenhuette,1,99.9
Cerbery,1,99.9
MAXXMEE,1,99.9
STILORD,1,99.0
Bagan,1,99.0
MUSIC STORE,1,97.5
SCHULTE Regalwelt,1,97.26
IGI & CO,1,95.96
Rosenthal meets Versace,1,95.0
minimum,1,94.9
Everki,1,92.85
Bessey,1,91.99
Stockshop,1,91.44
UGG,1,90.99
de Buyer,1,90.0
B.K.Licht,1,89.99
Reolink,1,89.99
SONGMICS,1,89.99
STUDIO,1,89.95
Fashion Wacky.,1,89.95
Silvio Tossi,1,89.95
Lloyd,1,89.95
DOGO,1,89.95
CowParade,1,89.95
Varley,1,89.9
Tommy Jeans Curve,1,89.9
Nittaku,1,89.9
Doughnut,1,89.9
Regent,1,89.9
Shokz,1,89.39
VELUX,1,88.98
KONSTSMIDE,1,87.99
440s,1,87.89
Arbiton,1,85.59
Dometic,1,85.0
hofstein,1,84.99
Calvin Klein,1,84.99
Hangowear,1,84.99
SÄNGER,1,84.99
Philips,1,84.9
FOREO,1,83.27
Amewi,1,82.99
Lotus Gusspfannen,1,82.9
CARS JEANS,1,81.99
Mil-Tec,1,81.69
Naturana,1,80.95
SoBuy,1,80.9
Winning Moves,1,79.99
autolock,1,79.99
Nudie Jeans,1,79.99
MamboCat,1,79.99
Wilmes,1,79.99
Pierre Cardin,1,79.99
näve,1,79.98
MADELEINE,1,79.95
Ziener,1,79.95
Albatros International,1,79.95
Lierys,1,79.95
HKM,1,79.95
Strellson,1,79.95
Kreator,1,79.9
linovum,1,79.9
Meru,1,79.9
Jacob Jensen,1,79.9
FISCHER & HONSEL,1,79.9
ANNE KLEIN,1,79.0
Prestije,1,79.0
Vingino,1,79.0
CARVEN,1,77.74
BBB,1,76.99
Heys,1,76.93
Sunflex,1,76.9
ZMORPH,1,76.0
Naturehike,1,75.9
Zolotoy Mir,1,75.0
Dugena,1,75.0
Mende Frames,1,74.99
Cowboysbag,1,74.98
BERKEMANN,1,74.95
Remonte,1,74.95
Ecco,1,74.9
Vista,1,74.9
Winmau,1,74.9
GOEBEL GmbH,1,74.65
EUGAD,1,73.99
Learning Resources,1,73.99
Dogo Shoes,1,73.99
MÖBELPARTNER,1,72.59
Oilily,1,71.99
JUST VEGAN,1,71.98
Country Line,1,71.91
JEAN PAUL GAULTIER,1,71.72
Melon,1,70.99
WALSER,1,70.99
Homewit,1,70.99
denaná,1,70.95
PARADOR,1,70.25
HELD MÖBEL,1,70.18
FableWood,1,70.0
Engelsrufer,1,70.0
VIA APPIA DUE,1,69.99
moebel-direkt-online,1,69.99
Paul Vesterbro,1,69.99
Lady,1,69.99
MbyM,1,69.96
The Chesterfield Brand,1,69.95
VERDOBA,1,69.95
RAGMAN,1,69.95
Liebeskind Berlin,1,69.9
Navahoo,1,69.9
LAZY LEAF,1,69.9
Q by Endurance,1,69.9
Dry Fashion,1,69.9
Swarovski,1,69.79
Papillon,1,69.08
Smart Jewel,1,69.0
TOM TAILOR Denim,1,68.99
High Peak,1,68.95
Andiamo,1,68.21
MaDam-T,1,68.0
Venice Beach,1,67.15
Heunec®,1,66.88
3M,1,66.4
Sloggi,1,65.99
BeSports,1,65.98
Burton,1,65.0
White Label Living,1,65.0
Sitzplatz,1,64.99
seidensticker,1,64.99
Materia,1,64.95
SportPlus,1,64.95
Rasta Imposta,1,64.9
Morphsuits,1,64.9
PASO,1,64.9
Oriental Galerie,1,64.9
Robway,1,64.9
Kösen,1,64.9
Mavi,1,64.39
Clayre & Eef,1,64.35
FRAPP,1,63.99
Kickers,1,63.32
CAMP DAVID,1,62.97
Ritzenhoff & Breker,1,62.95
Heine,1,60.99
Creativ green,1,60.99
calo-deluxe,1,60.48
ESPRIT maternity,1,59.99
andas,1,59.99
Champion,1,59.99
Peak Design,1,59.99
aquaSu,1,59.99
Welt der Träume,1,59.99
Greenburry,1,59.95
Codello,1,59.95
Picard,1,59.95
Rieker,1,59.95
optimawohnen,1,59.95
LEAN Toys,1,59.95
Columbia,1,59.95
Nübler,1,59.95
Jimmy Sanders,1,59.9
HomebyHome,1,59.9
Eurotone,1,59.9
Pferd,1,59.28
Skagen,1,59.0
Nachtmann,1,59.0
PANGU,1,59.0
Young Couture by Barbara Schwarzer,1,59.0
SATISFIRE,1,59.0
Base Level Curvy,1,58.99
Franky,1,58.99
SEI Design,1,58.28
Balette,1,58.01
Destiny,1,58.0
Toldoro,1,57.99
TUZZI,1,55.99
Timemore,1,55.0
FARO Barcelona,1,55.0
Inspirationen,1,54.99
LoveBOXXX,1,54.97
Eastside,1,54.95
Beddinghouse,1,54.95
Geox,1,54.9
adidas TERREX,1,53.99
Favson,1,53.19
Topeak,1,52.99
Cloer,1,52.99
Haba,1,52.87
Madison,1,51.5
Anthoni Crown,1,50.99
soyaconcept,1,50.99
comma casual identity,1,49.99
PIKO,1,49.99
Andrew James,1,49.99
brunolie,1,49.99
MyToys-COLLECTION,1,49.99
OOZOO,1,49.95
GASOLINE BANDIT®,1,49.95
Böker Plus,1,49.95
G&G,1,49.95
Linger(y),1,49.95
KAALEE,1,49.9
Zwillingsherz,1,49.9
ambico,1,49.9
weargo,1,49.9
Rebel On Wheels,1,49.9
Erario D'Or,1,49.9
KERBHOLZ,1,49.0
bianca,1,48.27
Ichi,1,47.99
Smiffys,1,47.95
Casaria,1,47.95
Primigi,1,47.92
PAPSTAR,1,46.99
Asics,1,46.99
Lynfield,1,46.99
Engel,1,45.99
LANCOME,1,45.03
GIORGIO MARTELLO MILANO,1,45.0
SVITA,1,44.99
Icepeak,1,44.99
Atmosphera Créateur d'intérieur,1,44.99
Tecno Pro,1,44.99
Rocks-Off,1,44.97
Banned,1,44.95
NÙNOO,1,44.9
Mastersox,1,44.9
Knirps®,1,44.51
Schütte,1,44.5
Caprice,1,43.99
Cheffinger,1,43.98
EUROLITE,1,43.89
Einhell,1,43.54
Bodenmeister,1,42.99
Point,1,42.95
GreenLand Nature,1,42.5
Trelock,1,41.95
MODERNA,1,41.73
Herschel,1,40.0
Victor (Zenith),1,39.99
SINNER,1,39.99
BADEKO,1,39.99
Pepe Jeans,1,39.99
GICO,1,39.99
HappyGoo,1,39.99
Funko,1,39.99
LARAWELL,1,39.99
Hustling Sharks,1,39.99
Warner,1,39.99
Wilbers,1,39.99
Key Largo,1,39.99
Tefal,1,39.99
Roger Kent,1,39.99
Zoggs,1,39.99
Rubie´s,1,39.99
Threadbare,1,39.95
Salonloewe,1,39.95
bodhi,1,39.95
Glanzstücke München,1,39.95
Eddie Bauer,1,39.95
ARTZT vitality,1,39.95
Paulmann,1,39.95
Club of Comfort,1,39.95
Indumentum,1,39.9
OTL Technologies,1,39.9
ATHLECIA,1,39.9
Calvin Klein Jeans,1,39.9
United Colors of Benetton,1,39.0
Bella Carina,1,39.0
NORCO,1,38.99
Weis seit 1903,1,38.99
LIVOO,1,38.65
Weckbrodt,1,37.99
Mayoral,1,37.5
Prosperplast,1,37.18
Ashley Brooke by heine,1,36.99
Deuba,1,36.95
euro3plast,1,36.24
Spiegelprofi GmbH,1,35.99
Assassin's Creed,1,35.95
Greensky,1,35.9
re.draft,1,35.9
Dakine,1,35.0
Veith,1,34.99
SIMBA,1,34.99
Luckyfine,1,34.99
Wall-Art,1,34.99
Kujo,1,34.99
Alles,1,34.95
khujo,1,34.95
Sheepworld,1,34.95
malito more than fashion,1,34.95
Gonso,1,34.95
Alife & Kickin,1,34.95
Part Two,1,34.9
Macosa Home,1,34.9
Crystal and Sage Jewelry,1,34.9
SuitMeister,1,34.9
CAPO,1,34.9
Games Workshop,1,34.81
ZOLLNER,1,33.99
Cangaroo,1,33.95
nadycat,1,33.9
Carpet City,1,33.84
GMD Living,1,32.95
CHiLA,1,32.9
Paul Malone,1,32.9
Nenalina,1,32.9
Rose et Chocolat,1,31.99
m. collection,1,31.99
Reusch,1,31.49
Radiant,1,31.35
Elbe,1,30.99
Blackskies,1,30.99
Karat,1,30.99
Orchidea,1,30.97
Costume National,1,30.93
The Mia,1,30.49
KingKerosin,1,29.99
Living Line,1,29.99
Nerf,1,29.99
esprit sports,1,29.99
CreaTable,1,29.99
BRUBAKER,1,29.99
KangaROOS,1,29.99
1A PHOTO PORST,1,29.95
Grund,1,29.95
Irisette,1,29.95
Fashion and Sports,1,29.9
MyMaxxi,1,29.9
TeppichWorld,1,29.9
Atlanta,1,29.9
Marika,1,29.9
HUCH & friends,1,29.53
New Classic Toys®,1,29.51
Sunseeker,1,29.5
Outdoor Research,1,29.35
Karisma,1,29.29
Fame Audio,1,29.0
FALKE,1,29.0
Stitch & Soul,1,29.0
Promodoro,1,28.98
Robin Ruth,1,28.95
Figuren Shop GmbH,1,28.95
Moschino,1,28.95
Bergner,1,28.9
Heidenfeld,1,27.99
Zapf Creation®,1,27.99
Lumunu,1,27.99
INGE-GLAS®,1,27.95
Loud&Proud,1,27.9
'47 Brand,1,27.9
Nina Ricci,1,27.07
Brillibrum,1,27.0
Sandmännchen,1,26.99
Buffalo,1,26.99
Esprit Collection,1,26.99
Douceur d'intérieur,1,26.99
Wüsthof,1,26.99
AREOUT,1,26.99
Music Legs,1,26.97
Egeria,1,26.95
Funny Fashion,1,26.9
GUGGEN Mountain,1,26.9
GalaxyCat,1,26.9
ENDURANCE,1,26.9
Disney Cars 3,1,26.87
Krebs Glas Lauscha,1,26.38
Alvi®,1,25.95
SPS,1,25.9
Jana.Shop,1,25.9
Mehrwegtoner,1,25.69
COLLEZIONE ALESSANDRO,1,25.32
Goula,1,25.0
Bethesda,1,24.99
CECEBA,1,24.99
Mariall,1,24.99
Tazzio,1,24.99
Maisto®,1,24.99
Samsung,1,24.95
Apricot,1,24.95
Fila,1,24.95
Prime Time Toys,1,24.95
Mason Cash,1,24.95
Herbertz,1,24.95
Chipolo,1,24.95
Der Trachtler,1,24.95
Mey,1,24.9
Ritzenhoff,1,24.82
You2Toys,1,24.01
THAT GORILLA BRAND,1,23.99
Delien,1,23.99
Carrera®,1,23.99
Tetra,1,23.98
FeelGlad,1,23.98
Creavit,1,23.9
DanDiBo,1,23.89
nevox,1,23.48
EBI,1,23.18
Pauleen,1,23.02
WWF,1,22.99
Vivance Dreams,1,22.99
Sanetta PURE,1,22.99
Linoows,1,22.95
Procyon,1,22.95
F4NT4STIC,1,22.95
my Hamam,1,22.95
Casa Colori,1,22.9
One Home,1,22.9
EASYmaxx,1,22.9
cover-your-desk.de,1,22.8
Hunter Tierbedarf,1,22.5
Dreams,1,22.48
Bric's,1,22.26
ZEP,1,22.15
Lentz,1,21.99
UGREEN,1,21.99
People Wear Organic,1,21.95
Mars & More,1,21.89
Lux Fetish,1,21.77
IITTALA,1,21.69
Creano,1,21.55
mamino Kindermode,1,21.49
Fiskars,1,21.49
Maxwell & Williams,1,21.01
AEG,1,20.99
5five Simply Smart,1,20.99
Vero Moda Curve,1,20.99
Love Story,1,20.99
styleBREAKER,1,20.95
HOSSNER - HOMECOLLECTION,1,20.68
NOBO,1,20.43
Planam,1,20.23
sunlines,1,20.07
Dekohelden24,1,20.0
Classic,1,20.0
Youth Designz,1,19.99
Alena,1,19.99
L'ORÉAL PARIS,1,19.99
nielsen,1,19.99
LERROS,1,19.99
#proinventive,1,19.99
wometo,1,19.99
AvaMia,1,19.99
BeebeeRun,1,19.99
Sanetta,1,19.99
Paolo Renzo,1,19.99
IBETTER,1,19.99
Sansibar Sylt,1,19.95
PiP Studio,1,19.95
Quiksilver,1,19.95
BONDI,1,19.95
Limana,1,19.95
MisterTee,1,19.9
Mosgo Fashion,1,19.9
petit amour,1,19.9
Vitabo,1,19.9
GRÄWE,1,19.9
schmuck23,1,19.9
Hamburger Weihnachtskontor,1,19.7
Jennifer Jones,1,19.54
Wilckens Farben,1,18.99
HR GRIP,1,18.99
Jiubiaz,1,18.99
Panco,1,18.99
wuuhoo,1,18.99
Vago®-Toys,1,18.99
Bburago,1,18.99
Excellent,1,18.98
ib style,1,18.95
Amello,1,18.92
Zeeme,1,18.9
Briloner Leuchten,1,18.48
Sara Lindholm,1,17.99
Westernlifestyle,1,17.9
Megaman Jeans,1,17.9
like. by Villeroy & Boch,1,17.9
LingaDore,1,17.9
Only,1,17.9
DARKZONE,1,17.9
AM Design,1,17.9
Milwaukee,1,17.85
Möve,1,17.55
Rosnek,1,17.49
Consalnet,1,17.47
KIDSWORLD,1,16.99
LETGOSPT,1,16.99
Heless,1,16.99
WOOD FELLAS,1,16.99
Ambiente Haus,1,16.99
bremermann,1,16.91
safta,1,16.9
von Lilienfeld,1,16.9
DUR-line,1,16.9
Macma,1,16.9
Vimoda,1,16.79
Fantashion,1,16.0
Buckley London,1,16.0
Schildkröt,1,15.99
Dehner,1,15.99
Guido Maria Kretschmer Home&Living,1,15.99
Baby’s Only,1,15.95
Wiedemann Kerzen,1,15.6
ZIPIT,1,15.59
Gravidus,1,15.59
Mustela,1,15.56
Bolsius,1,15.49
Happy People,1,15.49
Rösle,1,15.15
ARZBERG,1,15.0
Nici,1,14.99
Ty®,1,14.99
Sehrazat,1,14.99
TRIXIE,1,14.99
Fritzi aus Preußen,1,14.95
KHE,1,14.95
Fubu,1,14.95
KS Laserdesign,1,14.95
Craft,1,14.95
H.A.D. Originals,1,14.95
DRUCK-EXPERT,1,14.9
Lindner Original,1,14.9
my home,1,14.64
AVERY,1,14.32
DIY Element System,1,14.05
LEITZ,1,14.01
MORRENT,1,13.99
Feuerwehrmann Sam,1,13.95
Kreher,1,13.58
Thomas Porzellan,1,13.5
Step by Step,1,12.99
Hometex Premium Textiles,1,12.99
bb Klostermann,1,12.99
Oral B,1,12.99
BEZLIT,1,12.95
Goods+Gadgets,1,12.95
Staubsaugerladen.de Ihr Partner für Geräte und Zubehör,1,12.95
WinCraft,1,12.9
JW Pet,1,12.57
Jotaca,1,11.99
durex,1,11.99
Gillette,1,11.99
TRENDY AND NEW,1,11.97
FoxOutdoor,1,11.9
Vero Moda,1,11.9
EDCO,1,11.83
VALUE,1,11.8
ABUS,1,11.07
conecto,1,10.99
SES Creative,1,10.99
Just Bridge Entertainment,1,10.49
REDBEST,1,10.49
Ridder,1,10.47
Artwizz,1,9.99
LIVING DREAMS,1,9.99
MAX FACTOR,1,9.99
Moritz,1,9.99
CAGO,1,9.99
mtb more energy,1,9.99
IDIMEX,1,9.98
CoverKingz,1,8.99
cofi1453,1,8.99
Dr. Oetker,1,8.49
PYRAMID,1,7.99
VHG,1,7.99
AlphaCool,1,7.98
Delindo Lifestyle,1,6.99
HTI-Line,1,6.99
Henzo,1,6.95
Hama,1,6.9
4smarts,1,6.79
soma,1,5.99
Monkimau,1,5.9
Lüttenhütt,1,5.5
Catch the Patch,1,5.49
Dooloo,1,5.45
Inline,1,5.19
IDEAL TREND,1,4.99
Frau WUNDERVoll,1,4.98
Shoeboys,1,4.95
Birkmann,1,4.83
S-Conn,1,4.58
Mono-Quick,1,3.99
Kopp,1,3.5
STABILO,1,2.35
deleyCON,1,2.25